{"nodes":[{"label":"NOK","x":-277.94317626953125,"y":-93.88367462158203,"id":"37","attributes":{"country":"Norway","Modularity Class":"5","Eccentricity":"9.0","Closeness Centrality":"0.24782608695652175","Betweenness Centrality":"978.0","Harmonic Closeness Centrality":"0.33424533556112496","attribute":"NaN","region":"Europe"},"color":"rgb(252,141,98)","size":45.40259552001953},{"label":"DKK","x":407.384033203125,"y":217.86351013183594,"id":"15","attributes":{"country":"Denmark","Modularity Class":"1","Eccentricity":"11.0","Closeness Centrality":"0.19","Betweenness Centrality":"350.0","Harmonic Closeness Centrality":"0.2539480013164223","attribute":"NaN","region":"Europe"},"color":"rgb(252,141,98)","size":29.09090805053711},{"label":"COP","x":-322.7956237792969,"y":-321.3616943359375,"id":"11","attributes":{"country":"Colombia","Modularity Class":"6","Eccentricity":"11.0","Closeness Centrality":"0.17484662576687116","Betweenness Centrality":"56.0","Harmonic Closeness Centrality":"0.2345668464089516","attribute":"NaN","region":"South/Latin America"},"color":"rgb(141,160,203)","size":21.454545974731445},{"label":"EEK","x":443.6355285644531,"y":24.57891845703125,"id":"17","attributes":{"country":"Estonia","Modularity Class":"0","Eccentricity":"11.0","Closeness Centrality":"0.17378048780487804","Betweenness Centrality":"0.0","Harmonic Closeness Centrality":"0.21464140148350666","attribute":"NaN","region":"Europe"},"color":"rgb(252,141,98)","size":20.0},{"label":"SGD","x":-585.1041259765625,"y":-87.2559814453125,"id":"47","attributes":{"country":"Singapore","Modularity Class":"7","Eccentricity":"11.0","Closeness Centrality":"0.18627450980392157","Betweenness Centrality":"269.0","Harmonic Closeness Centrality":"0.2813295865927445","attribute":"NaN","region":"Asia \u0026 Pacific"},"color":"rgb(102,194,165)","size":26.98701286315918},{"label":"BGN","x":451.34222412109375,"y":281.7610168457031,"id":"7","attributes":{"country":"Bulgaria","Modularity Class":"1","Eccentricity":"12.0","Closeness Centrality":"0.16569767441860464","Betweenness Centrality":"315.0","Harmonic Closeness Centrality":"0.24300397458292183","attribute":"NaN","region":"Europe"},"color":"rgb(252,141,98)","size":28.18181800842285},{"label":"ISK","x":447.64837646484375,"y":361.16632080078125,"id":"25","attributes":{"country":"Iceland","Modularity Class":"1","Eccentricity":"13.0","Closeness Centrality":"0.1425","Betweenness Centrality":"0.0","Harmonic Closeness Centrality":"0.18551954867744333","attribute":"NaN","region":"Europe"},"color":"rgb(252,141,98)","size":20.0},{"label":"XPT","x":-493.7979736328125,"y":-118.89649200439453,"id":"41","attributes":{"country":"Platinum Ounce","Modularity Class":"4","Eccentricity":"11.0","Closeness Centrality":"0.18037974683544303","Betweenness Centrality":"0.0","Harmonic Closeness Centrality":"0.2301599959494696","attribute":"NaN","region":"Asia \u0026 Pacific"},"color":"rgb(102,194,165)","size":20.0},{"label":"HRK","x":543.8806762695312,"y":318.52471923828125,"id":"12","attributes":{"country":"Croatia","Modularity Class":"1","Eccentricity":"13.0","Closeness Centrality":"0.1425","Betweenness Centrality":"0.0","Harmonic Closeness Centrality":"0.18551954867744333","attribute":"NaN","region":"Europe"},"color":"rgb(252,141,98)","size":20.0},{"label":"FIM","x":273.35394287109375,"y":148.472412109375,"id":"19","attributes":{"country":"Finland","Modularity Class":"0","Eccentricity":"10.0","Closeness Centrality":"0.20802919708029197","Betweenness Centrality":"0.0","Harmonic Closeness Centrality":"0.2697020328599275","attribute":"NaN","region":"Europe"},"color":"rgb(252,141,98)","size":20.0},{"label":"RON","x":505.22821044921875,"y":353.8532409667969,"id":"44","attributes":{"country":"Romania","Modularity Class":"1","Eccentricity":"13.0","Closeness Centrality":"0.1446700507614213","Betweenness Centrality":"162.0","Harmonic Closeness Centrality":"0.20598738493475324","attribute":"NaN","region":"Europe"},"color":"rgb(252,141,98)","size":24.207792282104492},{"label":"CLP","x":-235.0364990234375,"y":-377.3291320800781,"id":"9","attributes":{"country":"Chile","Modularity Class":"6","Eccentricity":"12.0","Closeness Centrality":"0.14921465968586387","Betweenness Centrality":"0.0","Harmonic Closeness Centrality":"0.18571491860965544","attribute":"NaN","region":"South/Latin America"},"color":"rgb(141,160,203)","size":20.0},{"label":"INR","x":-627.0888671875,"y":-159.9679412841797,"id":"26","attributes":{"country":"India","Modularity Class":"7","Eccentricity":"12.0","Closeness Centrality":"0.1574585635359116","Betweenness Centrality":"0.0","Harmonic Closeness Centrality":"0.2065517328675223","attribute":"NaN","region":"Asia \u0026 Pacific"},"color":"rgb(102,194,165)","size":20.0},{"label":"TRY","x":-384.93035888671875,"y":-278.8963623046875,"id":"58","attributes":{"country":"Turkey","Modularity Class":"6","Eccentricity":"11.0","Closeness Centrality":"0.17378048780487804","Betweenness Centrality":"0.0","Harmonic Closeness Centrality":"0.22287093997620308","attribute":"NaN","region":"Europe"},"color":"rgb(252,141,98)","size":20.0},{"label":"GBP","x":154.55538940429688,"y":-221.73341369628906,"id":"6","attributes":{"country":"United Kingdom","Modularity Class":"2","Eccentricity":"12.0","Closeness Centrality":"0.1532258064516129","Betweenness Centrality":"0.0","Harmonic Closeness Centrality":"0.19270461507303607","attribute":"NaN","region":"Europe"},"color":"rgb(252,141,98)","size":20.0},{"label":"FRF","x":365.4975280761719,"y":17.257535934448242,"id":"20","attributes":{"country":"France","Modularity Class":"0","Eccentricity":"10.0","Closeness Centrality":"0.20955882352941177","Betweenness Centrality":"56.0","Harmonic Closeness Centrality":"0.28139793929267604","attribute":"NaN","region":"Europe"},"color":"rgb(252,141,98)","size":21.454545974731445},{"label":"NLG","x":210.8506622314453,"y":107.81690216064453,"id":"16","attributes":{"country":"Netherlands","Modularity Class":"0","Eccentricity":"10.0","Closeness Centrality":"0.20955882352941177","Betweenness Centrality":"56.0","Harmonic Closeness Centrality":"0.28139793929267604","attribute":"NaN","region":"Europe"},"color":"rgb(252,141,98)","size":21.454545974731445},{"label":"PEN","x":-343.46563720703125,"y":-386.9665222167969,"id":"39","attributes":{"country":"Peru","Modularity Class":"6","Eccentricity":"12.0","Closeness Centrality":"0.14921465968586387","Betweenness Centrality":"0.0","Harmonic Closeness Centrality":"0.18571491860965542","attribute":"NaN","region":"South/Latin America"},"color":"rgb(141,160,203)","size":20.0},{"label":"XDR","x":218.0398712158203,"y":-195.620361328125,"id":"53","attributes":{"country":"Special drawing rights","Modularity Class":"2","Eccentricity":"11.0","Closeness Centrality":"0.18037974683544303","Betweenness Centrality":"164.0","Harmonic Closeness Centrality":"0.24855953013847737","attribute":"NaN","region":"Asia \u0026 Pacific"},"color":"rgb(102,194,165)","size":24.259740829467773},{"label":"GRD","x":470.8128967285156,"y":-54.847442626953125,"id":"22","attributes":{"country":"Greece","Modularity Class":"3","Eccentricity":"11.0","Closeness Centrality":"0.178125","Betweenness Centrality":"0.0","Harmonic Closeness Centrality":"0.23013847750689848","attribute":"NaN","region":"Europe"},"color":"rgb(252,141,98)","size":20.0},{"label":"MTL","x":317.26568603515625,"y":-81.83106231689453,"id":"34","attributes":{"country":"Malta","Modularity Class":"0","Eccentricity":"10.0","Closeness Centrality":"0.20802919708029197","Betweenness Centrality":"0.0","Harmonic Closeness Centrality":"0.2697020328599275","attribute":"NaN","region":"Europe"},"color":"rgb(252,141,98)","size":20.0},{"label":"HKD","x":194.9910125732422,"y":-347.57977294921875,"id":"23","attributes":{"country":"Hongkong","Modularity Class":"2","Eccentricity":"13.0","Closeness Centrality":"0.13380281690140844","Betweenness Centrality":"0.0","Harmonic Closeness Centrality":"0.16654154812049546","attribute":"NaN","region":"Asia \u0026 Pacific"},"color":"rgb(102,194,165)","size":20.0},{"label":"PHP","x":-746.0059814453125,"y":241.30435180664062,"id":"40","attributes":{"country":"Philippines","Modularity Class":"4","Eccentricity":"14.0","Closeness Centrality":"0.12284482758620689","Betweenness Centrality":"56.0","Harmonic Closeness Centrality":"0.1670301433459328","attribute":"NaN","region":"Asia \u0026 Pacific"},"color":"rgb(102,194,165)","size":21.454545974731445},{"label":"SKK","x":184.77149963378906,"y":-48.043975830078125,"id":"48","attributes":{"country":"Slovakia","Modularity Class":"0","Eccentricity":"10.0","Closeness Centrality":"0.20802919708029197","Betweenness Centrality":"0.0","Harmonic Closeness Centrality":"0.2697020328599275","attribute":"NaN","region":"Europe"},"color":"rgb(252,141,98)","size":20.0},{"label":"MXN","x":-290.9049987792969,"y":-232.31515502929688,"id":"35","attributes":{"country":"Mexico","Modularity Class":"6","Eccentricity":"10.0","Closeness Centrality":"0.20955882352941177","Betweenness Centrality":"369.0","Harmonic Closeness Centrality":"0.3100946811473127","attribute":"NaN","region":"South/Latin America"},"color":"rgb(141,160,203)","size":29.584415435791016},{"label":"PLN","x":568.5753784179688,"y":423.9073791503906,"id":"42","attributes":{"country":"Poland","Modularity Class":"1","Eccentricity":"14.0","Closeness Centrality":"0.12780269058295965","Betweenness Centrality":"111.0","Harmonic Closeness Centrality":"0.18853086484665427","attribute":"NaN","region":"Europe"},"color":"rgb(252,141,98)","size":22.88311767578125},{"label":"KRW","x":-707.2926635742188,"y":-124.52344512939453,"id":"51","attributes":{"country":"South Korea","Modularity Class":"7","Eccentricity":"12.0","Closeness Centrality":"0.15833333333333333","Betweenness Centrality":"56.0","Harmonic Closeness Centrality":"0.2182476393002708","attribute":"NaN","region":"Asia \u0026 Pacific"},"color":"rgb(102,194,165)","size":21.454545974731445},{"label":"DEM","x":357.462158203125,"y":138.56028747558594,"id":"21","attributes":{"country":"Germany","Modularity Class":"1","Eccentricity":"10.0","Closeness Centrality":"0.22093023255813954","Betweenness Centrality":"392.0","Harmonic Closeness Centrality":"0.29626844890002774","attribute":"NaN","region":"Europe"},"color":"rgb(252,141,98)","size":30.18181800842285},{"label":"IDR","x":-678.9981689453125,"y":-75.67742156982422,"id":"27","attributes":{"country":"Indonesia","Modularity Class":"7","Eccentricity":"12.0","Closeness Centrality":"0.1574585635359116","Betweenness Centrality":"0.0","Harmonic Closeness Centrality":"0.2065517328675223","attribute":"NaN","region":"Asia \u0026 Pacific"},"color":"rgb(102,194,165)","size":20.0},{"label":"THB","x":-686.7156372070312,"y":184.54000854492188,"id":"57","attributes":{"country":"Thailand","Modularity Class":"4","Eccentricity":"13.0","Closeness Centrality":"0.13902439024390245","Betweenness Centrality":"110.0","Harmonic Closeness Centrality":"0.18908421013684165","attribute":"NaN","region":"Asia \u0026 Pacific"},"color":"rgb(102,194,165)","size":22.85714340209961},{"label":"PKR","x":-302.4245300292969,"y":196.74398803710938,"id":"38","attributes":{"country":"Pakistan","Modularity Class":"5","Eccentricity":"12.0","Closeness Centrality":"0.14540816326530612","Betweenness Centrality":"0.0","Harmonic Closeness Centrality":"0.17489620515936297","attribute":"NaN","region":"Asia \u0026 Pacific"},"color":"rgb(102,194,165)","size":20.0},{"label":"MYR","x":-616.6298828125,"y":116.5242919921875,"id":"33","attributes":{"country":"Malaysia","Modularity Class":"4","Eccentricity":"12.0","Closeness Centrality":"0.15921787709497207","Betweenness Centrality":"162.0","Harmonic Closeness Centrality":"0.21427938533201685","attribute":"NaN","region":"Asia \u0026 Pacific"},"color":"rgb(102,194,165)","size":24.207792282104492},{"label":"SAR","x":-293.0112609863281,"y":12.947094917297363,"id":"46","attributes":{"country":"Saudi Arabia","Modularity Class":"5","Eccentricity":"10.0","Closeness Centrality":"0.20212765957446807","Betweenness Centrality":"110.0","Harmonic Closeness Centrality":"0.2589250905040379","attribute":"NaN","region":"Middle east"},"color":"rgb(255,217,47)","size":22.85714340209961},{"label":"CYP","x":141.469482421875,"y":49.272850036621094,"id":"13","attributes":{"country":"Cyprus","Modularity Class":"0","Eccentricity":"10.0","Closeness Centrality":"0.20802919708029197","Betweenness Centrality":"0.0","Harmonic Closeness Centrality":"0.2697020328599275","attribute":"NaN","region":"Europe"},"color":"rgb(252,141,98)","size":20.0},{"label":"IEP","x":393.3077087402344,"y":-90.67781066894531,"id":"28","attributes":{"country":"Ireland","Modularity Class":"3","Eccentricity":"10.0","Closeness Centrality":"0.2159090909090909","Betweenness Centrality":"269.0","Harmonic Closeness Centrality":"0.32087162350320225","attribute":"NaN","region":"Europe"},"color":"rgb(252,141,98)","size":26.98701286315918},{"label":"ESP","x":88.04679870605469,"y":-25.165538787841797,"id":"52","attributes":{"country":"Spain","Modularity Class":"5","Eccentricity":"8.0","Closeness Centrality":"0.2590909090909091","Betweenness Centrality":"810.0","Harmonic Closeness Centrality":"0.31789891395154546","attribute":"NaN","region":"Europe"},"color":"rgb(252,141,98)","size":41.038963317871094},{"label":"CHF","x":170.51133728027344,"y":186.71316528320312,"id":"55","attributes":{"country":"Switzerland","Modularity Class":"0","Eccentricity":"11.0","Closeness Centrality":"0.17378048780487804","Betweenness Centrality":"0.0","Harmonic Closeness Centrality":"0.21464140148350663","attribute":"NaN","region":"Europe"},"color":"rgb(252,141,98)","size":20.0},{"label":"CZK","x":557.3123168945312,"y":514.1343994140625,"id":"14","attributes":{"country":"Czech Republic","Modularity Class":"1","Eccentricity":"15.0","Closeness Centrality":"0.11354581673306773","Betweenness Centrality":"0.0","Harmonic Closeness Centrality":"0.15071429545113754","attribute":"NaN","region":"Europe"},"color":"rgb(252,141,98)","size":20.0},{"label":"TWD","x":-777.313232421875,"y":-147.16635131835938,"id":"56","attributes":{"country":"Taiwan","Modularity Class":"7","Eccentricity":"13.0","Closeness Centrality":"0.13701923076923078","Betweenness Centrality":"0.0","Harmonic Closeness Centrality":"0.17448521264310735","attribute":"NaN","region":"Asia \u0026 Pacific"},"color":"rgb(102,194,165)","size":20.0},{"label":"RUB","x":-389.7292785644531,"y":-207.2292022705078,"id":"45","attributes":{"country":"Russia","Modularity Class":"6","Eccentricity":"11.0","Closeness Centrality":"0.17378048780487804","Betweenness Centrality":"0.0","Harmonic Closeness Centrality":"0.22287093997620308","attribute":"NaN","region":"Europe"},"color":"rgb(252,141,98)","size":20.0},{"label":"CNY","x":-632.204345703125,"y":-26.830406188964844,"id":"10","attributes":{"country":"China","Modularity Class":"7","Eccentricity":"12.0","Closeness Centrality":"0.1574585635359116","Betweenness Centrality":"0.0","Harmonic Closeness Centrality":"0.20655173286752232","attribute":"NaN","region":"Asia \u0026 Pacific"},"color":"rgb(102,194,165)","size":20.0},{"label":"NZD","x":-458.906005859375,"y":26.882219314575195,"id":"36","attributes":{"country":"New Zealand","Modularity Class":"4","Eccentricity":"11.0","Closeness Centrality":"0.18037974683544303","Betweenness Centrality":"0.0","Harmonic Closeness Centrality":"0.2301599959494696","attribute":"NaN","region":"Asia \u0026 Pacific"},"color":"rgb(102,194,165)","size":20.0},{"label":"ILS","x":-789.677978515625,"y":282.9537658691406,"id":"29","attributes":{"country":"Israel","Modularity Class":"4","Eccentricity":"15.0","Closeness Centrality":"0.10961538461538461","Betweenness Centrality":"0.0","Harmonic Closeness Centrality":"0.13978078451762666","attribute":"NaN","region":"Europe"},"color":"rgb(252,141,98)","size":20.0},{"label":"ARS","x":-298.6382141113281,"y":100.44940948486328,"id":"1","attributes":{"country":"Argentina","Modularity Class":"5","Eccentricity":"11.0","Closeness Centrality":"0.16964285714285715","Betweenness Centrality":"56.0","Harmonic Closeness Centrality":"0.21468380547327906","attribute":"NaN","region":"South/Latin America"},"color":"rgb(141,160,203)","size":21.454545974731445},{"label":"EUR","x":275.4068908691406,"y":5.5022382736206055,"id":"18","attributes":{"country":"Europe","Modularity Class":"0","Eccentricity":"9.0","Closeness Centrality":"0.26146788990825687","Betweenness Centrality":"1155.0","Harmonic Closeness Centrality":"0.40886243386243376","attribute":"NaN","region":"Europe"},"color":"rgb(252,141,98)","size":50.0},{"label":"SEK","x":-95.04029846191406,"y":-58.69502639770508,"id":"54","attributes":{"country":"Sweden","Modularity Class":"5","Eccentricity":"8.0","Closeness Centrality":"0.2544642857142857","Betweenness Centrality":"806.0","Harmonic Closeness Centrality":"0.30238095238095236","attribute":"NaN","region":"Europe"},"color":"rgb(252,141,98)","size":40.93506622314453},{"label":"CAD","x":-537.9639892578125,"y":37.47156524658203,"id":"8","attributes":{"country":"Canada","Modularity Class":"4","Eccentricity":"11.0","Closeness Centrality":"0.18506493506493507","Betweenness Centrality":"212.0","Harmonic Closeness Centrality":"0.2500430368851421","attribute":"NaN","region":"North America"},"color":"rgb(166,216,84)","size":25.506492614746094},{"label":"BEF","x":461.86981201171875,"y":-167.11849975585938,"id":"4","attributes":{"country":"Belgium","Modularity Class":"3","Eccentricity":"11.0","Closeness Centrality":"0.1792452830188679","Betweenness Centrality":"56.0","Harmonic Closeness Centrality":"0.241834383939647","attribute":"NaN","region":"Europe"},"color":"rgb(252,141,98)","size":21.454545974731445},{"label":"SIT","x":501.5848388671875,"y":-115.78145599365234,"id":"49","attributes":{"country":"Slovenia","Modularity Class":"3","Eccentricity":"11.0","Closeness Centrality":"0.178125","Betweenness Centrality":"0.0","Harmonic Closeness Centrality":"0.23013847750689848","attribute":"NaN","region":"Europe"},"color":"rgb(252,141,98)","size":20.0},{"label":"BRL","x":-216.61680603027344,"y":-245.510498046875,"id":"5","attributes":{"country":"Brazil","Modularity Class":"6","Eccentricity":"11.0","Closeness Centrality":"0.17378048780487804","Betweenness Centrality":"0.0","Harmonic Closeness Centrality":"0.22287093997620305","attribute":"NaN","region":"South/Latin America"},"color":"rgb(141,160,203)","size":20.0},{"label":"JPY","x":207.36260986328125,"y":-275.76458740234375,"id":"31","attributes":{"country":"Japan","Modularity Class":"2","Eccentricity":"12.0","Closeness Centrality":"0.15405405405405406","Betweenness Centrality":"56.0","Harmonic Closeness Centrality":"0.20440052150578455","attribute":"NaN","region":"Asia \u0026 Pacific"},"color":"rgb(102,194,165)","size":21.454545974731445},{"label":"LUF","x":508.4693298339844,"y":-220.8877410888672,"id":"32","attributes":{"country":"Luxembourg","Modularity Class":"3","Eccentricity":"12.0","Closeness Centrality":"0.15240641711229946","Betweenness Centrality":"0.0","Harmonic Closeness Centrality":"0.19053251816409703","attribute":"NaN","region":"Europe"},"color":"rgb(252,141,98)","size":20.0},{"label":"ATS","x":381.9735412597656,"y":-158.84152221679688,"id":"3","attributes":{"country":"Austria","Modularity Class":"3","Eccentricity":"11.0","Closeness Centrality":"0.178125","Betweenness Centrality":"0.0","Harmonic Closeness Centrality":"0.23013847750689848","attribute":"NaN","region":"Europe"},"color":"rgb(252,141,98)","size":20.0},{"label":"HUF","x":637.483642578125,"y":446.4911804199219,"id":"24","attributes":{"country":"Hungary","Modularity Class":"1","Eccentricity":"15.0","Closeness Centrality":"0.11354581673306773","Betweenness Centrality":"0.0","Harmonic Closeness Centrality":"0.15071429545113751","attribute":"NaN","region":"Europe"},"color":"rgb(252,141,98)","size":20.0},{"label":"PTE","x":244.43255615234375,"y":-99.69510650634766,"id":"43","attributes":{"country":"Portugal","Modularity Class":"0","Eccentricity":"10.0","Closeness Centrality":"0.21428571428571427","Betweenness Centrality":"212.0","Harmonic Closeness Centrality":"0.29250905040378705","attribute":"NaN","region":"Europe"},"color":"rgb(252,141,98)","size":25.506492614746094},{"label":"AUD","x":-452.560546875,"y":-52.4152717590332,"id":"2","attributes":{"country":"Australia","Modularity Class":"4","Eccentricity":"10.0","Closeness Centrality":"0.21923076923076923","Betweenness Centrality":"625.0","Harmonic Closeness Centrality":"0.3186995265942634","attribute":"NaN","region":"Asia \u0026 Pacific"},"color":"rgb(102,194,165)","size":36.2337646484375},{"label":"ZAR","x":-258.3894958496094,"y":-315.0877990722656,"id":"50","attributes":{"country":"South Africa","Modularity Class":"6","Eccentricity":"11.0","Closeness Centrality":"0.17484662576687116","Betweenness Centrality":"56.0","Harmonic Closeness Centrality":"0.23456684640895165","attribute":"NaN","region":"Africa"},"color":"rgb(231,138,195)","size":21.454545974731445},{"label":"ITL","x":430.7444152832031,"y":109.66117858886719,"id":"30","attributes":{"country":"Italy","Modularity Class":"0","Eccentricity":"10.0","Closeness Centrality":"0.20802919708029197","Betweenness Centrality":"0.0","Harmonic Closeness Centrality":"0.2697020328599275","attribute":"NaN","region":"Europe"},"color":"rgb(252,141,98)","size":20.0}],"edges":[{"label":"PEdge1813","source":"18","target":"13","id":"3454","attributes":{"Minimum Spanning Tree":"1"},"color":"rgb(31,0,1)","size":0.0023246},{"label":"PEdge4710","source":"47","target":"10","id":"4350","attributes":{"Minimum Spanning Tree":"1"},"color":"rgb(31,0,1)","size":0.89766},{"label":"PEdge5218","source":"52","target":"18","id":"4598","attributes":{"Minimum Spanning Tree":"1"},"color":"rgb(31,0,1)","size":0.0064849},{"label":"PEdge5331","source":"53","target":"31","id":"4662","attributes":{"Minimum Spanning Tree":"1"},"color":"rgb(31,0,1)","size":0.87616},{"label":"PEdge283","source":"28","target":"3","id":"3659","attributes":{"Minimum Spanning Tree":"1"},"color":"rgb(31,0,1)","size":0.0087754},{"label":"PEdge127","source":"12","target":"7","id":"3367","attributes":{"Minimum Spanning Tree":"1"},"color":"rgb(31,0,1)","size":0.21347},{"label":"PEdge3418","source":"34","target":"18","id":"3851","attributes":{"Minimum Spanning Tree":"1"},"color":"rgb(31,0,1)","size":0.0031952},{"label":"PEdge4214","source":"42","target":"14","id":"4139","attributes":{"Minimum Spanning Tree":"1"},"color":"rgb(31,0,1)","size":0.55434},{"label":"PEdge5651","source":"56","target":"51","id":"4841","attributes":{"Minimum Spanning Tree":"1"},"color":"rgb(31,0,1)","size":0.87839},{"label":"PEdge257","source":"25","target":"7","id":"3588","attributes":{"Minimum Spanning Tree":"1"},"color":"rgb(31,0,1)","size":0.81115},{"label":"PEdge5343","source":"53","target":"43","id":"4674","attributes":{"Minimum Spanning Tree":"1"},"color":"rgb(31,0,1)","size":0.31549},{"label":"PEdge2115","source":"21","target":"15","id":"3510","attributes":{"Minimum Spanning Tree":"1"},"color":"rgb(31,0,1)","size":0.66208},{"label":"PEdge5733","source":"57","target":"33","id":"4878","attributes":{"Minimum Spanning Tree":"1"},"color":"rgb(31,0,1)","size":0.83682},{"label":"PEdge4224","source":"42","target":"24","id":"4149","attributes":{"Minimum Spanning Tree":"1"},"color":"rgb(31,0,1)","size":0.62201},{"label":"PEdge355","source":"35","target":"5","id":"3871","attributes":{"Minimum Spanning Tree":"1"},"color":"rgb(31,0,1)","size":0.88672},{"label":"PEdge381","source":"38","target":"1","id":"3972","attributes":{"Minimum Spanning Tree":"1"},"color":"rgb(31,0,1)","size":1.1519},{"label":"PEdge284","source":"28","target":"4","id":"3660","attributes":{"Minimum Spanning Tree":"1"},"color":"rgb(31,0,1)","size":0.0031912},{"label":"PEdge4928","source":"49","target":"28","id":"4461","attributes":{"Minimum Spanning Tree":"1"},"color":"rgb(31,0,1)","size":0.0049676},{"label":"PEdge4818","source":"48","target":"18","id":"4404","attributes":{"Minimum Spanning Tree":"1"},"color":"rgb(31,0,1)","size":0.0038427},{"label":"PEdge4318","source":"43","target":"18","id":"4184","attributes":{"Minimum Spanning Tree":"1"},"color":"rgb(31,0,1)","size":0.0058923},{"label":"PEdge3018","source":"30","target":"18","id":"3729","attributes":{"Minimum Spanning Tree":"1"},"color":"rgb(31,0,1)","size":0.0061029},{"label":"PEdge2018","source":"20","target":"18","id":"3494","attributes":{"Minimum Spanning Tree":"1"},"color":"rgb(31,0,1)","size":0.0021647},{"label":"PEdge2818","source":"28","target":"18","id":"3674","attributes":{"Minimum Spanning Tree":"1"},"color":"rgb(31,0,1)","size":0.0019992},{"label":"PEdge324","source":"32","target":"4","id":"3774","attributes":{"Minimum Spanning Tree":"1"},"color":"rgb(31,0,1)","size":2.1073E-8},{"label":"PEdge5516","source":"55","target":"16","id":"4752","attributes":{"Minimum Spanning Tree":"1"},"color":"rgb(31,0,1)","size":0.54348},{"label":"PEdge4442","source":"44","target":"42","id":"4250","attributes":{"Minimum Spanning Tree":"1"},"color":"rgb(31,0,1)","size":0.58745},{"label":"PEdge338","source":"33","target":"8","id":"3809","attributes":{"Minimum Spanning Tree":"1"},"color":"rgb(31,0,1)","size":0.98185},{"label":"PEdge5740","source":"57","target":"40","id":"4885","attributes":{"Minimum Spanning Tree":"1"},"color":"rgb(31,0,1)","size":0.83343},{"label":"PEdge5835","source":"58","target":"35","id":"4936","attributes":{"Minimum Spanning Tree":"1"},"color":"rgb(31,0,1)","size":1.1798},{"label":"PEdge157","source":"15","target":"7","id":"3403","attributes":{"Minimum Spanning Tree":"1"},"color":"rgb(31,0,1)","size":0.03671},{"label":"PEdge4726","source":"47","target":"26","id":"4366","attributes":{"Minimum Spanning Tree":"1"},"color":"rgb(31,0,1)","size":0.97693},{"label":"PEdge1816","source":"18","target":"16","id":"3457","attributes":{"Minimum Spanning Tree":"1"},"color":"rgb(31,0,1)","size":0.0053045},{"label":"PEdge536","source":"53","target":"6","id":"4637","attributes":{"Minimum Spanning Tree":"1"},"color":"rgb(31,0,1)","size":0.73057},{"label":"PEdge4637","source":"46","target":"37","id":"4332","attributes":{"Minimum Spanning Tree":"1"},"color":"rgb(31,0,1)","size":1.3242},{"label":"PEdge5147","source":"51","target":"47","id":"4577","attributes":{"Minimum Spanning Tree":"1"},"color":"rgb(31,0,1)","size":0.71102},{"label":"PEdge5437","source":"54","target":"37","id":"4720","attributes":{"Minimum Spanning Tree":"1"},"color":"rgb(31,0,1)","size":0.61569},{"label":"PEdge3511","source":"35","target":"11","id":"3877","attributes":{"Minimum Spanning Tree":"1"},"color":"rgb(31,0,1)","size":0.84688},{"label":"PEdge372","source":"37","target":"2","id":"3937","attributes":{"Minimum Spanning Tree":"1"},"color":"rgb(31,0,1)","size":0.71214},{"label":"PEdge4029","source":"40","target":"29","id":"4075","attributes":{"Minimum Spanning Tree":"1"},"color":"rgb(31,0,1)","size":0.99723},{"label":"PEdge3123","source":"31","target":"23","id":"3763","attributes":{"Minimum Spanning Tree":"1"},"color":"rgb(31,0,1)","size":1.2017},{"label":"PEdge1918","source":"19","target":"18","id":"3476","attributes":{"Minimum Spanning Tree":"1"},"color":"rgb(31,0,1)","size":0.002387},{"label":"PEdge2118","source":"21","target":"18","id":"3513","attributes":{"Minimum Spanning Tree":"1"},"color":"rgb(31,0,1)","size":0.0058724},{"label":"PEdge447","source":"44","target":"7","id":"4215","attributes":{"Minimum Spanning Tree":"1"},"color":"rgb(31,0,1)","size":0.14455},{"label":"PEdge5035","source":"50","target":"35","id":"4516","attributes":{"Minimum Spanning Tree":"1"},"color":"rgb(31,0,1)","size":0.74881},{"label":"PEdge472","source":"47","target":"2","id":"4342","attributes":{"Minimum Spanning Tree":"1"},"color":"rgb(31,0,1)","size":0.60529},{"label":"PEdge362","source":"36","target":"2","id":"3902","attributes":{"Minimum Spanning Tree":"1"},"color":"rgb(31,0,1)","size":0.45654},{"label":"PEdge4727","source":"47","target":"27","id":"4367","attributes":{"Minimum Spanning Tree":"1"},"color":"rgb(31,0,1)","size":1.1607},{"label":"PEdge5452","source":"54","target":"52","id":"4735","attributes":{"Minimum Spanning Tree":"1"},"color":"rgb(31,0,1)","size":0.62462},{"label":"PEdge2822","source":"28","target":"22","id":"3678","attributes":{"Minimum Spanning Tree":"1"},"color":"rgb(31,0,1)","size":0.0037667},{"label":"PEdge461","source":"46","target":"1","id":"4296","attributes":{"Minimum Spanning Tree":"1"},"color":"rgb(31,0,1)","size":1.3238},{"label":"PEdge3735","source":"37","target":"35","id":"3970","attributes":{"Minimum Spanning Tree":"1"},"color":"rgb(31,0,1)","size":0.85685},{"label":"PEdge2017","source":"20","target":"17","id":"3493","attributes":{"Minimum Spanning Tree":"1"},"color":"rgb(31,0,1)","size":0.0073503},{"label":"PEdge3911","source":"39","target":"11","id":"4019","attributes":{"Minimum Spanning Tree":"1"},"color":"rgb(31,0,1)","size":1.1073},{"label":"PEdge4535","source":"45","target":"35","id":"4286","attributes":{"Minimum Spanning Tree":"1"},"color":"rgb(31,0,1)","size":0.85629},{"label":"PEdge509","source":"50","target":"9","id":"4490","attributes":{"Minimum Spanning Tree":"1"},"color":"rgb(31,0,1)","size":0.97886},{"label":"PEdge82","source":"8","target":"2","id":"3328","attributes":{"Minimum Spanning Tree":"1"},"color":"rgb(31,0,1)","size":0.68646},{"label":"PEdge412","source":"41","target":"2","id":"4087","attributes":{"Minimum Spanning Tree":"1"},"color":"rgb(31,0,1)","size":0.99509}]}